{"cameraMode":{"drawMode":0,"name":"Shaded","section":"Shading Mode"},"sceneLighting":false,"audioPlay":false,"sceneViewState":{"showFog":false,"showMaterialUpdate":false,"showSkybox":false,"showFlares":false,"showImageEffects":false,"showParticleSystems":false},"in2DMode":false,"pivot":{"x":10.770881652832032,"y":25.793365478515626,"z":928.2662963867188},"rotation":{"x":-0.0434824638068676,"y":-0.014079291373491288,"z":0.0006140542682260275,"w":-0.9989595413208008},"size":27.463220596313478,"orthographic":false}