{"cameraMode":{"drawMode":0,"name":"Shaded","section":"Shading Mode"},"sceneLighting":false,"audioPlay":false,"sceneViewState":{"showFog":false,"showMaterialUpdate":false,"showSkybox":false,"showFlares":false,"showImageEffects":false,"showParticleSystems":false},"in2DMode":false,"pivot":{"x":0.6940829753875732,"y":1.4635608196258546,"z":0.6661695837974548},"rotation":{"x":-0.19099518656730653,"y":0.6796905994415283,"z":-0.19030702114105225,"w":-0.6821500658988953},"size":1.3077824115753174,"orthographic":false}