{"cameraMode":{"drawMode":0,"name":"Shaded","section":"Shading Mode"},"sceneLighting":false,"audioPlay":false,"sceneViewState":{"showFog":false,"showMaterialUpdate":false,"showSkybox":false,"showFlares":false,"showImageEffects":false,"showParticleSystems":false},"in2DMode":false,"pivot":{"x":138.96507263183595,"y":-101.64601135253906,"z":-346.53228759765627},"rotation":{"x":0.007311535999178886,"y":0.9918526411056519,"z":-0.06705474108457566,"w":0.1087159812450409},"size":462.1729736328125,"orthographic":false}